<application>
  <component name="GraziConfig">
    <option name="enabledLanguages">
      <set>
        <option value="English (US)" />
        <option value="Polish" />
      </set>
    </option>
    <option name="userDisabledRules">
      <set>
        <option value="LanguageTool.PL.ZA_RAZEM" />
        <option value="LanguageTool.PL.RAZ_WRAZ" />
        <option value="LanguageTool.PL.WSPOLNIE_RAZEM" />
        <option value="LanguageTool.PL.PNE_SPACJE" />
        <option value="LanguageTool.PL.UNIWERSYTET_W_HARVARDZIE" />
        <option value="LanguageTool.PL.NA_WZDLUZ" />
        <option value="LanguageTool.PL.PPRON3_PPAS_NON_UNIFIED" />
        <option value="LanguageTool.PL.KORZYC_KORZYSC" />
        <option value="LanguageTool.PL.W_OPARCIU" />
        <option value="LanguageTool.PL.DNI_TYGODNIA" />
        <option value="LanguageTool.PL.SOWICH" />
        <option value="LanguageTool.PL.BRAK_SPACJI_NAWIAS" />
        <option value="LanguageTool.PL.BYC_WSTANIE" />
        <option value="LanguageTool.PL.DODATKOWO_CO_WIECEJ" />
        <option value="LanguageTool.PL.INFORMACJE_WRAZLIWE" />
        <option value="LanguageTool.PL.UBRAC_ZALOZYC" />
        <option value="LanguageTool.PL.DESTYNACJA" />
        <option value="LanguageTool.PL.DOPOTY_DOPOTY" />
        <option value="LanguageTool.PL.PRZE_TO" />
        <option value="LanguageTool.PL.GDZIEZES" />
        <option value="LanguageTool.PL.ODGRYWAC_ROLE" />
        <option value="LanguageTool.PL.PL_ELLIPSIS_DOT" />
        <option value="LanguageTool.PL.SPACJA_W_SKROCIE" />
        <option value="LanguageTool.PL.NIE_MNIE_NI_NIE_MNIEJ_NI" />
        <option value="LanguageTool.PL.TYLNI" />
        <option value="LanguageTool.PL.PISOWNIA_NAZW_CZASOPISM" />
        <option value="LanguageTool.PL.PO_MIMO" />
        <option value="LanguageTool.PL.MOIM_ZADANIEM" />
        <option value="LanguageTool.PL.LETNI_JUBILEUSZ" />
        <option value="LanguageTool.PL.SZKODA_SZKOLA" />
        <option value="LanguageTool.PL.DUE_ZNACZENIA_MA_DUE_ZNACZENIE_MA" />
        <option value="LanguageTool.PL.ZOSTALO_ZROBIONE" />
        <option value="LanguageTool.PL.ODNOSNIE_DO" />
        <option value="LanguageTool.PL.PISZE" />
        <option value="LanguageTool.PL.WYWIERAC_PIETNO" />
        <option value="LanguageTool.PL.BEZOKOLICZNIKI" />
        <option value="LanguageTool.PL.ZAGRANICA-ZA_GRANICA" />
        <option value="LanguageTool.PL.NA_W_POL" />
        <option value="LanguageTool.PL.ZAIMKI_KROTKIE" />
        <option value="LanguageTool.PL.BRAK_PRZECINKA_PRZED_IMIESLOWEM_PRZYSLOWKOWYM" />
        <option value="LanguageTool.PL.POBIEZ" />
        <option value="LanguageTool.PL.JA_SIE_OKAZUJE" />
        <option value="LanguageTool.PL.OD_MNIE" />
        <option value="LanguageTool.PL.od_dawana" />
        <option value="LanguageTool.PL.LITEROWKI_SKROTY" />
        <option value="LanguageTool.PL.WRAZ_TYM" />
        <option value="LanguageTool.PL.K-CE" />
        <option value="LanguageTool.PL.W_ODROZNIENIU_DO" />
        <option value="LanguageTool.PL.ADRES_ZAMIESZKANIA" />
        <option value="LanguageTool.PL.POL_TORA" />
        <option value="LanguageTool.PL.OPERA_SIE_OPIERA" />
        <option value="LanguageTool.PL.KRASNY_STAW" />
        <option value="LanguageTool.PL.UZNAC_JAKO" />
        <option value="LanguageTool.PL.TEN_PERFUM" />
        <option value="LanguageTool.PL.NA_SZCZERYM_POLU" />
        <option value="LanguageTool.PL.BARDZO_OBCUJACY" />
        <option value="LanguageTool.PL.PRZYSLOWKI_PREDYKATYWNE_BEZ_PRZECINKOW_2" />
        <option value="LanguageTool.PL.KARY_GODNY" />
        <option value="LanguageTool.PL.Z_ZA" />
        <option value="LanguageTool.PL.CIENKI_DOWCIP" />
        <option value="LanguageTool.PL.Z_ZE" />
        <option value="LanguageTool.PL.JEDNOSTKA_LICZBA" />
        <option value="LanguageTool.PL.POPRALI" />
        <option value="LanguageTool.PL.POPULARNO_NAUKOWY" />
        <option value="LanguageTool.PL.POL_NAGI" />
        <option value="LanguageTool.PL.PRACOWAC_NA_HALI" />
        <option value="LanguageTool.PL.NIE_OMAL" />
        <option value="LanguageTool.PL.LACZNIK_MYSLNIK" />
        <option value="LanguageTool.PL.GENEZA_POWSTANIA" />
        <option value="LanguageTool.PL.SENTENCE_WHITESPACE" />
        <option value="LanguageTool.PL.ZBIEG_NAWIASOW" />
        <option value="LanguageTool.PL.MIEC_FACH_W_RECE" />
        <option value="LanguageTool.PL.NIGDY_NIE" />
        <option value="LanguageTool.PL.CIEZKI_ORZECH" />
        <option value="LanguageTool.PL.MASARZ" />
        <option value="LanguageTool.PL.WYSTEPUJE_BRAK" />
        <option value="LanguageTool.PL.MADREJ_GLOWIE_DOSC_PO_SLOWIE" />
        <option value="LanguageTool.PL.COFAC_SIE_DO_TYLU" />
        <option value="LanguageTool.PL.AA_AA" />
        <option value="LanguageTool.PL.DO_ZROBIENI" />
        <option value="LanguageTool.PL.KONICZNY" />
        <option value="LanguageTool.PL.NIETYPOWA_KOMBINACJA_DUZYCH_I_MALYCH_LITER" />
        <option value="LanguageTool.PL.CHYBIL_TRAFIL" />
        <option value="LanguageTool.PL.Z_BARK" />
        <option value="LanguageTool.PL.SYTEMU" />
        <option value="LanguageTool.PL.NIELUBI" />
        <option value="LanguageTool.PL.AFRYKA" />
        <option value="LanguageTool.PL.KLIKA" />
        <option value="LanguageTool.PL.MNIEJ_MNIE" />
        <option value="LanguageTool.PL.NIE_ULEGA_KWESTII" />
        <option value="LanguageTool.PL.ZDROWO_ROZSADKOWY" />
        <option value="LanguageTool.PL.DWUZNACZNOSC_W_COFANIU" />
        <option value="LanguageTool.PL.Z_TYM_ZE" />
        <option value="LanguageTool.PL.ROWNIE_JAK" />
        <option value="LanguageTool.PL.KLIKU" />
        <option value="LanguageTool.PL.AUTENTYCZNE_REALIA" />
        <option value="LanguageTool.PL.JUSTYFIKACJA" />
        <option value="LanguageTool.PL.O_WYM" />
        <option value="LanguageTool.PL.CO_I_RAZ" />
        <option value="LanguageTool.PL.PRZECINEK_POROWNANIE" />
        <option value="LanguageTool.PL.UCZYNIC_SPOJNYM_USPOJNIC" />
        <option value="LanguageTool.PL.Z_CO_ZA_TYM_IDZIE_A_CO_ZA_TYM_IDZIE" />
        <option value="LanguageTool.PL.TRZEBA_POTRZEBA_TRZEBA" />
        <option value="LanguageTool.PL.WIERZ_WIEZ" />
        <option value="LanguageTool.PL.MUSZA_MUSZ" />
        <option value="LanguageTool.PL.MIMO_CHODEM" />
        <option value="LanguageTool.PL.ZDROWA_ZDROWIA" />
        <option value="LanguageTool.PL.ODJECIE_UJECIE" />
        <option value="LanguageTool.PL.KLIKNAC_PODWOJNIE" />
        <option value="LanguageTool.PL.BY_NAJMNIEJ_NIE" />
        <option value="LanguageTool.PL.UZYWAC_CO" />
        <option value="LanguageTool.PL.NALOGOWY_ALKOHOLIK_ALKOHOLIK" />
        <option value="LanguageTool.PL.DO_POTY" />
        <option value="LanguageTool.PL.DOFINANSOWANIE_DO_CZEGOS" />
        <option value="LanguageTool.PL.BRAK_PRZECINKA_GDY" />
        <option value="LanguageTool.PL.LICZBY_SLOWNIE_SKROT" />
        <option value="LanguageTool.PL.NAPOTKAC_NA" />
        <option value="LanguageTool.PL.WZAJEMNE_ANTAGONIZMY" />
        <option value="LanguageTool.PL.SPRZED_LATY" />
        <option value="LanguageTool.PL.ZACZYNIA_SIE" />
        <option value="LanguageTool.PL.OPACZNOSC_OPATRZNOSC" />
        <option value="LanguageTool.PL.KONSTRUKCJA_CEPU" />
        <option value="LanguageTool.PL.POZYTYWNA_AKCEPTACJA" />
        <option value="LanguageTool.PL.IMIESLOW_ZAMIAST_GERUNDIUM" />
        <option value="LanguageTool.PL.DRAJWER" />
        <option value="LanguageTool.PL.CO_TYGODNIOWY" />
        <option value="LanguageTool.PL.ZA_STAZY" />
        <option value="LanguageTool.PL.NA_PRZOD" />
        <option value="LanguageTool.PL.BRUNO_HUGO" />
        <option value="LanguageTool.PL.DATA_KROPKA_PO_DNIU" />
        <option value="LanguageTool.PL.BRAK_PRZECINKA_PRZED_O_TYLE" />
        <option value="LanguageTool.PL.W_TERMINACH" />
        <option value="LanguageTool.PL.DAL_DLA" />
        <option value="LanguageTool.PL.WIECEJ_JAK" />
        <option value="LanguageTool.PL.PALCOWKA_BANKU" />
        <option value="LanguageTool.PL.DO_POKI" />
        <option value="LanguageTool.PL.NA_OKOLO" />
        <option value="LanguageTool.PL.NASTAWIAC_KARKU" />
        <option value="LanguageTool.PL.DWA_DZIECI" />
        <option value="LanguageTool.PL.WHITESPACE_RULE" />
        <option value="LanguageTool.PL.BRAK_PRZECINKA_ZE" />
        <option value="LanguageTool.PL.QUI_BONO" />
        <option value="LanguageTool.PL.BRAK_PRZECINKA_O_ILE" />
        <option value="LanguageTool.PL.ZBEDNA_WIELKA_LITERA_TY" />
        <option value="LanguageTool.PL.WSZEM_I_WOBEC" />
        <option value="LanguageTool.PL.BRAC_NA_MEZA" />
        <option value="LanguageTool.PL.JAGO" />
        <option value="LanguageTool.PL.NA_OKOLICZNOSC" />
        <option value="LanguageTool.PL.ZEBYS_MY_ZEBYSMY" />
        <option value="LanguageTool.PL.KILKI_KILKU" />
        <option value="LanguageTool.PL.wezej" />
        <option value="LanguageTool.PL.DLATEGO_PONIEWAZ" />
        <option value="LanguageTool.PL.NA_ILE" />
        <option value="LanguageTool.PL.TEGO_ROCZNY" />
        <option value="LanguageTool.PL.GAL_ANONIM" />
        <option value="LanguageTool.PL.FORMAT_DZIESIETNY" />
        <option value="LanguageTool.PL.O_TY" />
        <option value="LanguageTool.PL.SPOLNY" />
        <option value="LanguageTool.PL.DLA_TEGO_ZEBY" />
        <option value="LanguageTool.PL.RZUC_GUME" />
        <option value="LanguageTool.PL.TEPO_PRACY" />
        <option value="LanguageTool.PL.TAK_ALBO_INACZEJ" />
        <option value="LanguageTool.PL.MOZE_BALTYCKIE" />
        <option value="LanguageTool.PL.NA_POCZ_XX" />
        <option value="LanguageTool.PL.DO_UHA" />
        <option value="LanguageTool.PL.ILEKROC_RAZY" />
        <option value="LanguageTool.PL.KULT_DLA" />
        <option value="LanguageTool.PL.POMOZE_GDANSKIE" />
        <option value="LanguageTool.PL.GRAC_MECZ" />
        <option value="LanguageTool.PL.NADER_WSZYSTKO_NADE_WSZYSTKO" />
        <option value="LanguageTool.PL.WIECEJ_LUBIC" />
        <option value="LanguageTool.PL.JA_OSOBISCIE" />
        <option value="LanguageTool.PL.POD_KONTEM" />
        <option value="LanguageTool.PL.ZRESZTA_Z_RESZTA" />
        <option value="LanguageTool.PL.CORAZ_ADJ_POS" />
        <option value="LanguageTool.PL.KAZAC_KARAC" />
        <option value="LanguageTool.PL.POPOLUDNIU" />
        <option value="LanguageTool.PL.MASSMEDIA" />
        <option value="LanguageTool.PL.SPACJA_PROCENT" />
        <option value="LanguageTool.PL.ZOLTKO_JAJA" />
        <option value="LanguageTool.PL.INSTRUKTARZ" />
        <option value="LanguageTool.PL.RZECZ_RZEC" />
        <option value="LanguageTool.PL.W_CHWILI_OBECNEJ" />
        <option value="LanguageTool.PL.MIAL_MIAL" />
        <option value="LanguageTool.PL.W_LATO" />
        <option value="LanguageTool.PL.W_MIESIACU_LIPCU" />
        <option value="LanguageTool.PL.BEZ_POSREDNI" />
        <option value="LanguageTool.PL.WIEKSZY_JAK" />
        <option value="LanguageTool.PL.CI_KTORZY" />
        <option value="LanguageTool.PL.BARDZIEJ_COMP" />
        <option value="LanguageTool.PL.BEZPIECZNY_PRZED" />
        <option value="LanguageTool.PL.SWIATLE_SWIETLE" />
        <option value="LanguageTool.PL.PO_NAD" />
        <option value="LanguageTool.PL.BRAK_PRZECINKA_TEN_CO" />
        <option value="LanguageTool.PL.I_LUB" />
        <option value="LanguageTool.PL.NI_NIE" />
        <option value="LanguageTool.PL.W_TEDY" />
        <option value="LanguageTool.PL.ADJ_SUBST_ADJ_UNIFY" />
        <option value="LanguageTool.PL.BYC_ZNAJDOWAC_SIE_W_POSIADANIU" />
        <option value="LanguageTool.PL.BRAK_PRZECINKA_A" />
        <option value="LanguageTool.PL.W_PRZECIGU_TYGODNIA_W_CIGU" />
        <option value="LanguageTool.PL.STRYKTURA" />
        <option value="LanguageTool.PL.PELNY_KOMPLET" />
        <option value="LanguageTool.PL.PUSZKA_Z_PANDORA" />
        <option value="LanguageTool.PL.SWICIE" />
        <option value="LanguageTool.PL.BRAK_SPACJI" />
        <option value="LanguageTool.PL.ZAROWNO_I" />
        <option value="LanguageTool.PL.POD_RZAD" />
        <option value="LanguageTool.PL.PODE_CZEGO" />
        <option value="LanguageTool.PL.TEGO_OKRESY_TEGO_OKRESU" />
        <option value="LanguageTool.PL.OKRES_CZASU" />
        <option value="LanguageTool.PL.CIENKA_IRONIA" />
        <option value="LanguageTool.PL.OGOLE_OGOLNE" />
        <option value="LanguageTool.PL.ZAROWNO_BEZ_JAK_I" />
        <option value="LanguageTool.PL.BARDO" />
        <option value="LanguageTool.PL.WOLNY_WAKAT" />
        <option value="LanguageTool.PL.SKROTY_Z_KROPKA" />
        <option value="LanguageTool.PL.W_CALE" />
        <option value="LanguageTool.PL.PADL_DESZCZ" />
        <option value="LanguageTool.PL.KULISOW" />
        <option value="LanguageTool.PL.KURS_NAUKI" />
        <option value="LanguageTool.PL.NAWIASEM_MOWIAC" />
        <option value="LanguageTool.PL.ZEBY_AGLT" />
        <option value="LanguageTool.PL.SPACJA_ZA_PRZECINKIEM_DZIESITNYM" />
        <option value="LanguageTool.PL.STOPIEN_WYZSZY_ADV" />
        <option value="LanguageTool.PL.EUROPA_ZACHODNIA" />
        <option value="LanguageTool.PL.W_Z" />
        <option value="LanguageTool.PL.ZA_PEWNE" />
        <option value="LanguageTool.PL.POL_GODZIN" />
        <option value="LanguageTool.PL.IDENTYCZNY_JAK" />
        <option value="LanguageTool.PL.PODWOJONE_JAK_I" />
        <option value="LanguageTool.PL.WOJ_MAZOWIECKIE" />
        <option value="LanguageTool.PL.ZZA_DAWNYCH" />
        <option value="LanguageTool.PL.MIEJSCE_ZAMIESZANIA" />
        <option value="LanguageTool.PL.WYDAWAC_SIE_BYC" />
        <option value="LanguageTool.PL.KAZDY_JEDEN" />
        <option value="LanguageTool.PL.ZANADTO" />
        <option value="LanguageTool.PL.NIEMA_NIE_MA" />
        <option value="LanguageTool.PL.boc_co_badz" />
        <option value="LanguageTool.PL.W_PO_SRODKU" />
        <option value="LanguageTool.PL.ROZPATRZEC" />
        <option value="LanguageTool.PL.POSTAWIC_OPOR" />
        <option value="LanguageTool.PL.ZA_ROWNO_JAKI" />
        <option value="LanguageTool.PL.ZDANIA_ZLOZONE" />
        <option value="LanguageTool.PL.NADTO_PRZECINEK" />
        <option value="LanguageTool.PL.SIEDZIA" />
        <option value="LanguageTool.PL.MAZE_O" />
        <option value="LanguageTool.PL.SPELNIAC_OPIEKE" />
        <option value="LanguageTool.PL.PROSZE_GOSIEWSKI" />
        <option value="LanguageTool.PL.NIE_ZOWAD" />
        <option value="LanguageTool.PL.INTERJ_PRZECINEK" />
        <option value="LanguageTool.PL.TYMCZASEM" />
        <option value="LanguageTool.PL.WYWIESC_Z_POLSKI" />
        <option value="LanguageTool.PL.Z_DANIA_NA_DZIEN" />
        <option value="LanguageTool.PL.ZBEDNY_MIESIAC" />
        <option value="LanguageTool.PL.PL_COMPOUNDS" />
        <option value="LanguageTool.PL.NIE_DZIWNEGO" />
        <option value="LanguageTool.PL.DLA_MNIEJ_DLA_MNIE" />
        <option value="LanguageTool.PL.NIE_RZECZOWNIK" />
        <option value="LanguageTool.PL.PRZEKONYWUJACY" />
        <option value="LanguageTool.PL.W_BLISKIEJ_ODLEGLOSCI" />
        <option value="LanguageTool.PL.ROK_20001" />
        <option value="LanguageTool.PL.PRZECINEK_JAKO_TEZ" />
        <option value="LanguageTool.PL.KONTYNUOWAC_DALEJ" />
        <option value="LanguageTool.PL.DOZNAC_ATAKU" />
        <option value="LanguageTool.PL.PRZECINEK_PREP" />
        <option value="LanguageTool.PL.DROGA_CENA" />
        <option value="LanguageTool.PL.W_PRZEDZIE" />
        <option value="LanguageTool.PL.DATA_DEKADY" />
        <option value="LanguageTool.PL.BENEFITOWY" />
        <option value="LanguageTool.PL.NAJBARDZIEJ_ADV_SUP" />
        <option value="LanguageTool.PL.X_X_PROCENTA" />
        <option value="LanguageTool.PL.KTOKOLWIEK_BADZ" />
        <option value="LanguageTool.PL.SRI_LANKA" />
        <option value="LanguageTool.PL.W_KOLO" />
        <option value="LanguageTool.PL.BRAK_PRZECINKA_ANI" />
        <option value="LanguageTool.PL.PODSTAWIE" />
        <option value="LanguageTool.PL.PO_WOLI" />
        <option value="LanguageTool.PL.PELNIC_ROLE" />
        <option value="LanguageTool.PL.PODMIOT_ORZECZENIE" />
        <option value="LanguageTool.PL.NIE_TYLE_CO" />
        <option value="LanguageTool.PL.POD_CZAS_PODCZAS" />
        <option value="LanguageTool.PL.MAS_MEDIA_MASS_MEDIA" />
        <option value="LanguageTool.PL.LEKCE_WAZYC" />
        <option value="LanguageTool.PL.WIORKI_KOKSOWE" />
        <option value="LanguageTool.PL.WYSOKA_FORMA" />
        <option value="LanguageTool.PL.SZLAK_TRAFIA" />
        <option value="LanguageTool.PL.BARDZIEJ_ADV_COMP" />
        <option value="LanguageTool.PL.DRUGI_NAJWIEKSZY" />
        <option value="LanguageTool.PL.DO_WEGIER" />
        <option value="LanguageTool.PL.AURA_POGODOWA" />
        <option value="LanguageTool.PL.TEZ_TEZ" />
        <option value="LanguageTool.PL.ZESTAWIC_LISTE" />
        <option value="LanguageTool.PL.KLOC_SIE" />
        <option value="LanguageTool.PL.PO_ROWNI" />
        <option value="LanguageTool.PL.PRZED_WCZORAJ" />
        <option value="LanguageTool.PL.ZE_INF_IMPT" />
        <option value="LanguageTool.PL.ameryka_lacinska" />
        <option value="LanguageTool.PL.JEDEN_DEKO" />
        <option value="LanguageTool.PL.POSTULOWAC_O" />
        <option value="LanguageTool.PL.DAJZE" />
        <option value="LanguageTool.PL.PRZESTAWIONO_ZARZUTY" />
        <option value="LanguageTool.PL.PIETA_ACHILLESOWA" />
        <option value="LanguageTool.PL.FRAK_SZWAJCARSKI" />
        <option value="LanguageTool.PL.WIORKA_KOKOSOWE" />
        <option value="LanguageTool.PL.KYSZ_A_KYSZ" />
        <option value="LanguageTool.PL.PROSTU" />
        <option value="LanguageTool.PL.NIE_ZABRANIE_NIE_ZABRAKNIE" />
        <option value="LanguageTool.PL.WYPISZ_WYMALUJ" />
        <option value="LanguageTool.PL.SPORT_I_TURYSTKA_SPORT_I_TURYSTYKA" />
        <option value="LanguageTool.PL.COD_ZIEN" />
        <option value="LanguageTool.PL.SKROTY_BEZ_KROPKI" />
        <option value="LanguageTool.PL.ZEZ" />
        <option value="LanguageTool.PL.NAPRZECIWKO" />
        <option value="LanguageTool.PL.UPPERCASE_SENTENCE_START" />
        <option value="LanguageTool.PL.NIE_TYLE_ALE" />
        <option value="LanguageTool.PL.POLTOREJ" />
        <option value="LanguageTool.PL.Z_POMIEDZY" />
        <option value="LanguageTool.PL.LICZBA_PROC" />
        <option value="LanguageTool.PL.WYRZADZIC_STRATE" />
        <option value="LanguageTool.PL.SYMBOL_ZNAKU_TOWAROWEGO" />
        <option value="LanguageTool.PL.W_RAZ" />
        <option value="LanguageTool.PL.ANALOGICZNY_Z" />
        <option value="LanguageTool.PL.ZE_ZE" />
        <option value="LanguageTool.PL.TWIERDZA_ZE" />
        <option value="LanguageTool.PL.APOSTROF_DATA" />
        <option value="LanguageTool.PL.KLIKA_KILKA" />
        <option value="LanguageTool.PL.PRZEDE_CZYM" />
        <option value="LanguageTool.PL.ZAKRAWAC_O" />
        <option value="LanguageTool.PL.CODZIENNE_CODZIENNIE" />
        <option value="LanguageTool.PL.Z_POSROD" />
        <option value="LanguageTool.PL.OT_TYCH_OD_TYCH" />
        <option value="LanguageTool.PL.NA_NP_NP_NA" />
        <option value="LanguageTool.PL.Z_POD" />
        <option value="LanguageTool.PL.SCISLE_OKRESLONE" />
        <option value="LanguageTool.PL.ZA_POMOCA_M1" />
        <option value="LanguageTool.PL.SPOZA" />
        <option value="LanguageTool.PL.DLACZEGO_I_DLA_KOGO" />
        <option value="LanguageTool.PL.POT_WPLYWEM" />
        <option value="LanguageTool.PL.ZAGNIEZDZONE_CUDZYSLOWY" />
        <option value="LanguageTool.PL.DYWIZ" />
        <option value="LanguageTool.PL.PO_TRZEBA" />
        <option value="LanguageTool.PL.DO_NA_DZIEN_DZISIEJSZY" />
        <option value="LanguageTool.PL.PULKI_POLKI" />
        <option value="LanguageTool.PL.W_ZALEZNOSC_OD" />
        <option value="LanguageTool.PL.ROZUMIEC_POD" />
        <option value="LanguageTool.PL.ZA_ZDANIE" />
        <option value="LanguageTool.PL.ZDAJE_SIE" />
        <option value="LanguageTool.PL.BRAK_PRZECINKA_KTORY" />
        <option value="LanguageTool.PL.BARDZIEJ_SUP" />
        <option value="LanguageTool.PL.STOPIEN_WYZSZY" />
        <option value="LanguageTool.PL.TUDZIEZ" />
        <option value="LanguageTool.PL.TO_MI_NIE_LEZY" />
        <option value="LanguageTool.PL.PO_MIEDZY" />
        <option value="LanguageTool.PL.ZMIANIE_PODLEJA_ZMIANIE_PODLEGAJA" />
        <option value="LanguageTool.PL.TYM_NIE_MNIEJ" />
        <option value="LanguageTool.PL.VCE" />
        <option value="LanguageTool.PL.PRZESTRZEGAC_CO" />
        <option value="LanguageTool.PL.KOSZTOWAC_TANIEJ" />
        <option value="LanguageTool.PL.MAJA_MAJA" />
        <option value="LanguageTool.PL.CO_I_ROZ" />
        <option value="LanguageTool.PL.KROPKA_W_CUDZYSLOWIE" />
        <option value="LanguageTool.PL.AT_HOC" />
        <option value="LanguageTool.PL.WAZY_WARZY" />
        <option value="LanguageTool.PL.S_Z" />
        <option value="LanguageTool.PL.MAPA_DROGOWA" />
        <option value="LanguageTool.PL.POPRAWIC_SIE_NA_LEPSZE" />
        <option value="LanguageTool.PL.DO_KUPIC" />
        <option value="LanguageTool.PL.WIDZI_MI_SIE" />
        <option value="LanguageTool.PL.ZABOJ" />
        <option value="LanguageTool.PL.OD_STRESOWAĆ" />
        <option value="LanguageTool.PL.ZDANIE_PODRZEDNE_Z_KTORY_LUB_JAKI" />
        <option value="LanguageTool.PL.NAPRZECIWKA" />
        <option value="LanguageTool.PL.PRZEDKLADAC_WNIOSEK" />
        <option value="LanguageTool.PL.BOWIEM_ZAS" />
        <option value="LanguageTool.PL.ZA_MAZ_POJSCIE" />
        <option value="LanguageTool.PL.NIEZGODNO_RZECZOWNIKW_RODZAJU_ESKIEGO" />
        <option value="LanguageTool.PL.DOKLADNIE_TAK" />
        <option value="LanguageTool.PL.KOD_POCZTOWY_POLPAUZA" />
        <option value="LanguageTool.PL.PRZYSLOWKI_PREDYKATYWNE_BEZ_PRZECINKOW" />
        <option value="LanguageTool.PL.TYM_BARDZIEJ_ZE" />
        <option value="LanguageTool.PL.Z_GOLA" />
        <option value="LanguageTool.PL.ZWROTNE_BEZ_SIE" />
        <option value="LanguageTool.PL.MISZ_MASZ_MISZMASZ" />
        <option value="LanguageTool.PL.ZAKOPANYM" />
        <option value="LanguageTool.PL.NA_ODCINKU" />
        <option value="LanguageTool.PL.WSZYSTKO_PRZEDNIM" />
        <option value="LanguageTool.PL.OPATRZYC_W" />
        <option value="LanguageTool.PL.TYCH_ROZNIC" />
        <option value="LanguageTool.PL.WNIEBO_WZIETY" />
        <option value="LanguageTool.PL.NATYCH_MIAST" />
        <option value="LanguageTool.PL.DO_NIECH" />
        <option value="LanguageTool.PL.AUTO_COS_TAM" />
        <option value="LanguageTool.PL.TYM_BARDZIEJ_PONIEWAZ" />
        <option value="LanguageTool.PL.WYDAJA_SIE" />
        <option value="LanguageTool.PL.TZW_CUDZYSLOW" />
        <option value="LanguageTool.PL.OGLOSIC_O" />
        <option value="LanguageTool.PL.ZDJAC_ZE_STANOWISKA" />
        <option value="LanguageTool.PL.OSOBA_TRZECIM" />
        <option value="LanguageTool.PL.W_TRAKCIE_PRZECINEK_KTOREGO" />
        <option value="LanguageTool.PL.DZIEN_DZISIEJSZY" />
        <option value="LanguageTool.PL.ODDZIELNIE" />
        <option value="LanguageTool.PL.W_PRZECIWIENSTWIE_OD" />
        <option value="LanguageTool.PL.DLA_CZEMU" />
        <option value="LanguageTool.PL.USTAPIC_MIEJSCE" />
        <option value="LanguageTool.PL.KU_UCIESZE" />
        <option value="LanguageTool.PL.WESPOL_BURK" />
        <option value="LanguageTool.PL.POL_KILA" />
        <option value="LanguageTool.PL.OBNOSI_SIE_Z_ZAMIAREM_NOSI_SIE_Z_ZAMIAREM" />
        <option value="LanguageTool.PL.FALSZYWY_MIRAZ" />
        <option value="LanguageTool.PL.POZNA_NIA" />
        <option value="LanguageTool.PL.JEZYK_MACIERZYSTY" />
        <option value="LanguageTool.PL._NR_" />
        <option value="LanguageTool.PL.DWU_PRZYMIOTNIK" />
        <option value="LanguageTool.PL.M_IM" />
        <option value="LanguageTool.PL.RANGE" />
        <option value="LanguageTool.PL.ZLOBEK" />
        <option value="LanguageTool.PL.SZKOLA_NR" />
        <option value="LanguageTool.PL.UZNAC_JAKIMS" />
        <option value="LanguageTool.PL.Z_PO_MIEDZY" />
        <option value="LanguageTool.PL.PO_POLUDNIU" />
        <option value="LanguageTool.PL.ZNAD" />
        <option value="LanguageTool.PL.PIERWSZY_STYCZEN_1993" />
        <option value="LanguageTool.PL.DLA_OSB_DLA_OSOBY" />
        <option value="LanguageTool.PL.LUBIA_LUBA" />
        <option value="LanguageTool.PL.JEZYCZEK_UWAGI" />
        <option value="LanguageTool.PL.W_OKA_MGNIENIU" />
        <option value="LanguageTool.PL.DO_BADAC" />
        <option value="LanguageTool.PL.WZAJEMNE_WSPOLDZIALANIE" />
        <option value="LanguageTool.PL.POZA_TYM" />
        <option value="LanguageTool.PL.Z_GODNIE" />
        <option value="LanguageTool.PL.WKOLO_MACIEJU" />
        <option value="LanguageTool.PL.BEZ_ZAHAMOWAC" />
        <option value="LanguageTool.PL.BRAK_PRZECINKA_ZEBY" />
        <option value="LanguageTool.PL.OTO_CO" />
        <option value="LanguageTool.PL.NIE_TYLKO_ALEI" />
        <option value="LanguageTool.PL.NAUKI_PRAWE" />
        <option value="LanguageTool.PL.MUZULMAN" />
        <option value="LanguageTool.PL.COMMA_DLACZEGO_SENT_END" />
        <option value="LanguageTool.PL.ZA_GRANICA-ZAGRANICA" />
        <option value="LanguageTool.PL.ZAIMKI_DLUZSZE" />
        <option value="LanguageTool.PL.SWIECIC_SUKCESY" />
        <option value="LanguageTool.PL.PREP_CASUS" />
        <option value="LanguageTool.PL.POL_GOLFOWYCH" />
        <option value="LanguageTool.PL.STAD_TEZ" />
        <option value="LanguageTool.PL.SPRAWOZDAWAC" />
        <option value="LanguageTool.PL.TA_PORA" />
        <option value="LanguageTool.PL.ANI_RAZ" />
        <option value="LanguageTool.PL.KROPLA_DZIEGCIU" />
        <option value="LanguageTool.PL.CO_BY_SIE_NIE" />
        <option value="LanguageTool.PL.ILOCI" />
        <option value="LanguageTool.PL.OM_A" />
        <option value="LanguageTool.PL.SIE_SENT_END" />
        <option value="LanguageTool.PL.W_POROWNANIU_INST" />
        <option value="LanguageTool.PL.MILIONY_LUDZIE" />
        <option value="LanguageTool.PL.WOLNA_AMERYKANKA" />
        <option value="LanguageTool.PL.SP-NIA" />
        <option value="LanguageTool.PL.BYNAJMNIEJ" />
        <option value="LanguageTool.PL.CALKOWITE_FIASKO" />
        <option value="LanguageTool.PL.STRATOWAC_STARTOWAC" />
        <option value="LanguageTool.PL.DS" />
        <option value="LanguageTool.PL.POMORZE_POMOZE" />
        <option value="LanguageTool.PL.KONCEPT" />
        <option value="LanguageTool.PL.PRZECINEK_SIE" />
        <option value="LanguageTool.PL.OPOLE" />
        <option value="LanguageTool.PL.WIELOKROTNE_WYSTPIENIE_TEGO_SAMEGO_WYRAENIA_PRZYIMKOWEGO" />
        <option value="LanguageTool.PL.PANTALYK" />
        <option value="LanguageTool.PL.LICZBA_BEZ_DYWIZU_Z_PRZYMIOTNIKIEM" />
        <option value="LanguageTool.PL.OZNACZ_TO_ZE" />
        <option value="LanguageTool.PL.W_KILU_LOC" />
        <option value="LanguageTool.PL.ZDAC_SPRAWOZDANIE" />
        <option value="LanguageTool.PL.KROTKO_TRWALY" />
        <option value="LanguageTool.PL.ZA_ZWYCZAJ" />
        <option value="LanguageTool.PL.POPRZEK" />
        <option value="LanguageTool.PL.DOMYSLEC_SIE" />
        <option value="LanguageTool.PL.AD_KROPKA" />
        <option value="LanguageTool.PL.W_TE_I_NA_ZAD" />
        <option value="LanguageTool.PL.TANIA_CENA" />
        <option value="LanguageTool.PL.DO_CZEKAĆ" />
        <option value="LanguageTool.PL.PO_ZA" />
        <option value="LanguageTool.PL.PO_PRZEZ" />
        <option value="LanguageTool.PL.ZEBY_IMPT" />
        <option value="LanguageTool.PL.PRZEDROSTEK_NIBY" />
        <option value="LanguageTool.PL.PREP_KTORY_COMMA" />
        <option value="LanguageTool.PL.SZKLANI_SZKLANKI" />
        <option value="LanguageTool.PL.AZ_NADTO" />
        <option value="LanguageTool.PL.KWASNIEJ_KWASNEJ" />
        <option value="LanguageTool.PL.PRZYCIAGAC_JAK_MAGNEZ" />
        <option value="LanguageTool.PL.SPODE_CZEGO" />
        <option value="LanguageTool.PL.KOMUNIKAT_BLEDU" />
        <option value="LanguageTool.PL.SADOWA" />
        <option value="LanguageTool.PL.NIEKONSEKWETNE_PAUZY" />
        <option value="LanguageTool.PL.W_SROD" />
        <option value="LanguageTool.PL.WINIEN_AGLUTYNANT" />
        <option value="LanguageTool.PL.PROTOKOL_Z_CZEGO" />
        <option value="LanguageTool.PL.IMENT" />
        <option value="LanguageTool.PL.WYSOKA_FREKWENCJA" />
        <option value="LanguageTool.PL.DATA_KROPKA_RZYMSKIE" />
        <option value="LanguageTool.PL.KROPKA_W_NAWIASIE" />
        <option value="LanguageTool.PL.PO_UWAG_POD_UWAG" />
        <option value="LanguageTool.PL.PUKI_CO_NA_RAZIE" />
        <option value="LanguageTool.PL.IM_O_TYLE" />
        <option value="LanguageTool.PL.BOWIEM_ZAS_PRZECINEK" />
        <option value="LanguageTool.PL.W_POSROD" />
        <option value="LanguageTool.PL.WPROWADZIC_W_OBIEG" />
        <option value="LanguageTool.PL.WINNY_SPOSOB_W_INNY_SPOSOB" />
        <option value="LanguageTool.PL.CHODZ_TE" />
        <option value="LanguageTool.PL.LICZBA_BEZ_DYWIZU" />
        <option value="LanguageTool.PL.W_MYSL_PRZECINEK" />
        <option value="LanguageTool.PL.TAK_CZY_OWAK" />
        <option value="LanguageTool.PL.W_PRZYPADKU_PRZECINEK" />
        <option value="LanguageTool.PL.MUSZE_MUSZE" />
        <option value="LanguageTool.PL.INNYMI_SLOWY" />
        <option value="LanguageTool.PL.CZEKAC_ZA" />
        <option value="LanguageTool.PL.NA_WZAJEM" />
        <option value="LanguageTool.PL.KLIKU_KILKUNASTU" />
        <option value="LanguageTool.PL.DO_PACY" />
        <option value="LanguageTool.PL.Z_LAM" />
        <option value="LanguageTool.PL.NIEZGODNOSC_KONCOWEK" />
        <option value="LanguageTool.PL.DWA_KROC" />
        <option value="LanguageTool.PL.A_NADTO" />
        <option value="LanguageTool.PL.DATA_BEZ_DYWIZU_ZAKRES" />
        <option value="LanguageTool.PL.OKAZALA_SIE" />
        <option value="LanguageTool.PL.WSZYSTKIE_Z_TEORIE_WSZYSTKIE_TEORIE" />
        <option value="LanguageTool.PL.ZNACZA_SUME" />
        <option value="LanguageTool.PL.BEZCEN" />
        <option value="LanguageTool.PL.RULE_NIEMNIEJ" />
        <option value="LanguageTool.PL.DUZO_ZDROWSZY" />
        <option value="LanguageTool.PL.TAKTOWAC_JAKO" />
        <option value="LanguageTool.PL.W_RAZIE_PRZYPADKU" />
        <option value="LanguageTool.PL.DWA_ZLOTYCH" />
        <option value="LanguageTool.PL.KROTNY" />
        <option value="LanguageTool.PL.WIEC_ZATEM_PRZECINEK" />
        <option value="LanguageTool.PL.TAK_NAPRAWE" />
        <option value="LanguageTool.PL.W_SZEREGU_PRZYPADKACH" />
        <option value="LanguageTool.PL.PO_NAJMNIEJSZEJ_LINII" />
        <option value="LanguageTool.PL.PL_WORD_COHERENCY" />
        <option value="LanguageTool.PL.DYGITALNY" />
        <option value="LanguageTool.PL.NIEDAWANA" />
        <option value="LanguageTool.PL.DALA" />
        <option value="LanguageTool.PL.CZY_IMPT" />
        <option value="LanguageTool.PL.WCIAGU" />
        <option value="LanguageTool.PL.DOBRA_RENOMA" />
        <option value="LanguageTool.PL.PO_POLSKU" />
        <option value="LanguageTool.PL.AMP_AL_ET_AL" />
        <option value="LanguageTool.PL.UCZYNIC_MOZLIWYM_UMOZLIWIC" />
        <option value="LanguageTool.PL.W_SKUTEK" />
        <option value="LanguageTool.PL.DOSTEPNA_CENA" />
        <option value="LanguageTool.PL.WOLACZ_BEZ_PRZECINKA" />
        <option value="LanguageTool.PL.X-LATEK_MYSLNIK" />
        <option value="LanguageTool.PL.EFEKT_KONCOWY" />
        <option value="LanguageTool.PL.MALO_SOLNY" />
        <option value="LanguageTool.PL.W_ZGODNIE_Z" />
        <option value="LanguageTool.PL.WIEZY_WIERZY" />
        <option value="LanguageTool.PL.OGOLNIE_RZECZ_BIORAC" />
        <option value="LanguageTool.PL.PRZYCHYLNA_AKCEPTACJA" />
        <option value="LanguageTool.PL.PRZECINEK_MYSLNIK" />
        <option value="LanguageTool.PL.UCZYNIC_SZCZESLIWYM_USZCZESLIWIC" />
        <option value="LanguageTool.PL.ZDAZYC_NA_CZAS" />
        <option value="LanguageTool.PL.W_GLORII_CHWALY" />
        <option value="LanguageTool.PL.KILKA_PYTAC" />
        <option value="LanguageTool.PL.BRAK_PRZECINKA_PRZED_GDZIE" />
        <option value="LanguageTool.PL.DLUGI_UPLYW" />
        <option value="LanguageTool.PL.KOD_MORSA_KOD_MORSEA" />
        <option value="LanguageTool.PL.PO" />
        <option value="LanguageTool.PL.SZERSZE_INFORMACJE" />
        <option value="LanguageTool.PL.NOWE_NOWINY" />
        <option value="LanguageTool.PL.NOGA_BYC" />
        <option value="LanguageTool.PL.RZEWNIE_PODOBA" />
        <option value="LanguageTool.PL.COPYRIGHT" />
        <option value="LanguageTool.PL.INNA_STRONA_MEDALU" />
        <option value="LanguageTool.PL.STARTY_STRATY" />
        <option value="LanguageTool.PL.SPACJA_TM_R" />
        <option value="LanguageTool.PL.GRO_CZEGO" />
        <option value="LanguageTool.PL.NA_OGOL" />
        <option value="LanguageTool.PL.TAK_NA_PRAWDE" />
        <option value="LanguageTool.PL.PEWNEGO_RAZU" />
        <option value="LanguageTool.PL.LITY_LUTY" />
        <option value="LanguageTool.PL.Z_KIMS_NA_CZELE" />
        <option value="LanguageTool.PL.DO_WODZENIA" />
        <option value="LanguageTool.PL.STAL_SIĘ" />
        <option value="LanguageTool.PL.IDENTYCZNY_DO" />
        <option value="LanguageTool.PL.JEDNYM_DUSZKIEM" />
        <option value="LanguageTool.PL.PODCZAS_PRZYGOTOWAC" />
        <option value="LanguageTool.PL.SKROTOWCE_BEZ_DYWIZU" />
        <option value="LanguageTool.PL.WSZECH_RZECZY" />
        <option value="LanguageTool.PL.ZGODNIE_INST" />
        <option value="LanguageTool.PL.GORACY_KLAWISZ" />
        <option value="LanguageTool.PL.NIE_WOLO" />
        <option value="LanguageTool.PL.STAWAC_KIM" />
        <option value="LanguageTool.PL.WIEZA_EIFFELA" />
        <option value="LanguageTool.PL.SZKOLA_IMIENIEM" />
        <option value="LanguageTool.PL.LEZACY" />
        <option value="LanguageTool.PL.ROWNE_TRATOWANIE" />
        <option value="LanguageTool.PL.GOWNA_KSIEGOWA" />
        <option value="LanguageTool.PL.NERWY_NA_POSTRONKU" />
        <option value="LanguageTool.PL.PRZYPRZEC_DO_SCIANY" />
        <option value="LanguageTool.PL.TEN_POMARANCZ" />
        <option value="LanguageTool.PL.NIEMALZE" />
        <option value="LanguageTool.PL.laska_laska" />
        <option value="LanguageTool.PL.W_NAWIAZANIU_DO" />
        <option value="LanguageTool.PL.DODATKOWO" />
        <option value="LanguageTool.PL.SADZIC_ZE" />
        <option value="LanguageTool.PL.GOLONKO" />
        <option value="LanguageTool.PL.ZLY_CZAS_GRAMATYCZNY_PO_JAKOBY" />
        <option value="LanguageTool.PL.CZYNNIE_UPRAWIAC" />
        <option value="LanguageTool.PL.republika_jakas" />
        <option value="LanguageTool.PL.CALY_SZEREG" />
        <option value="LanguageTool.PL.SKAKAC_PRZEZ_KOZLA" />
        <option value="LanguageTool.PL.o_k" />
        <option value="LanguageTool.PL.PREP_WG" />
        <option value="LanguageTool.PL.CZYM_TYM" />
        <option value="LanguageTool.PL.PREP_INF" />
        <option value="LanguageTool.PL.LITROWKA" />
        <option value="LanguageTool.PL.CZUL_SIE" />
        <option value="LanguageTool.PL.TAM_PISZE" />
        <option value="LanguageTool.PL.O_D_OD" />
        <option value="LanguageTool.PL.GLOWNIE_GLOWNIE" />
        <option value="LanguageTool.PL.WLASNA_AUTOPSJA" />
        <option value="LanguageTool.PL.WZGLEDNIE_LUB" />
        <option value="LanguageTool.PL.JEZYK_POLSKI" />
        <option value="LanguageTool.PL.IMIONA_Z_APOSTROFAMI" />
        <option value="LanguageTool.PL.W_OBYM_W_OBCYM" />
        <option value="LanguageTool.PL.ODE_CZEGO" />
        <option value="LanguageTool.PL.OCEAN_ATLANTYCKI" />
        <option value="LanguageTool.PL.LICZEBNIKI" />
        <option value="LanguageTool.PL.PRZEZ_PRZECIAG" />
        <option value="LanguageTool.PL.MNIE_MNIEJ" />
        <option value="LanguageTool.PL.POL_RAZY" />
        <option value="LanguageTool.PL.JAKO_WIDAC" />
        <option value="LanguageTool.PL.PIEC_PIEDZ_ZIEMI" />
        <option value="LanguageTool.PL.DO_SZCZETU_BURK" />
        <option value="LanguageTool.PL.ZA_RAZ" />
        <option value="LanguageTool.PL.SZEROKI_ODBIORCA" />
        <option value="LanguageTool.PL.PO_KATEM" />
        <option value="LanguageTool.PL.PCON_VERB" />
        <option value="LanguageTool.PL.UCZYNIC_LATWIEJSZYM_ULATWIC" />
        <option value="LanguageTool.PL.NAJWIECEJ_LUBIC" />
        <option value="LanguageTool.PL.BRAK_GEN" />
        <option value="LanguageTool.PL.PRZEZNACZAC_CZAS" />
        <option value="LanguageTool.PL.NIEZGODNOSC_RODZAJU_PODMIOTU_Z_ORZECZENIEM" />
        <option value="LanguageTool.PL.ZORIENTOWANY_OBIEKTOWO" />
        <option value="LanguageTool.PL.PO_POL_GODZINIE" />
        <option value="LanguageTool.PL.POJECI" />
        <option value="LanguageTool.PL.JEST_OT" />
        <option value="LanguageTool.PL.SENSU_STRICTE" />
        <option value="LanguageTool.PL.JEZYK_HOLENDERSKI" />
        <option value="LanguageTool.PL.OGRYWAC_ROLE" />
        <option value="LanguageTool.PL.ZLA_RENOMA" />
        <option value="LanguageTool.PL.CUDZYSLOW_MNOGI" />
        <option value="LanguageTool.PL.TA_KSIAZKA" />
        <option value="LanguageTool.PL.PRZEDEDNIU" />
        <option value="LanguageTool.PL.HYPER" />
        <option value="LanguageTool.PL.KLIKA_KILKANASCIE" />
        <option value="LanguageTool.PL.CZASOWNIK_BY" />
        <option value="LanguageTool.PL.NOCNY_MAREK" />
        <option value="LanguageTool.PL.WYZE" />
        <option value="LanguageTool.PL.A_LE_ALE" />
        <option value="LanguageTool.PL.BRAK_SPACJI_W_SKROCIE" />
        <option value="LanguageTool.PL.BARDZIEJ_ADV_SUP" />
        <option value="LanguageTool.PL.W_TYM_SAMYM_CZACIE" />
        <option value="LanguageTool.PL.CORAZ_LEPIE" />
        <option value="LanguageTool.PL.O_PROCZ" />
        <option value="LanguageTool.PL.DUL_DOL" />
        <option value="LanguageTool.PL.OBRONA_REKA" />
        <option value="LanguageTool.PL.w_woli_scislosci" />
        <option value="LanguageTool.PL.W_POL_DO" />
        <option value="LanguageTool.PL.POSIADAC_MIEC" />
        <option value="LanguageTool.PL.DO_UCZYC" />
        <option value="LanguageTool.PL.SKLADA_SKLADKA" />
        <option value="LanguageTool.PL.SWIETO_KRZYSKI" />
        <option value="LanguageTool.PL.MECZY" />
        <option value="LanguageTool.PL.KREPACJA_BEZ_BEZ" />
        <option value="LanguageTool.PL.NADAJ_NADAL" />
        <option value="LanguageTool.PL.CO_NIE_CO" />
        <option value="LanguageTool.PL.W_MIEDZY_CZASIE" />
        <option value="LanguageTool.PL.PRZYIMEK_RZECZOWNIK_KTORY" />
        <option value="LanguageTool.PL.WYKRYWACZ_WYKRAWACZ" />
        <option value="LanguageTool.PL.STANAC_DEBEM" />
        <option value="LanguageTool.PL.PRZYJAZNY_DLA_UZYTKOWNIKA" />
        <option value="LanguageTool.PL.O_PRZYJSCIE" />
        <option value="LanguageTool.PL.Z_PRZED" />
        <option value="LanguageTool.PL.herc_om" />
        <option value="LanguageTool.PL.SUBST_ADJ_UNIFY" />
        <option value="LanguageTool.PL.KORZ_KURZ" />
        <option value="LanguageTool.PL.ZWIERA_ZAWIERA" />
        <option value="LanguageTool.PL.SLABA_GLOWA_DO_ALKOHOLU" />
        <option value="LanguageTool.PL.W_BRUD" />
        <option value="LanguageTool.PL.WACHLARZ_CZEGO" />
        <option value="LanguageTool.PL.A_PROPOS" />
        <option value="LanguageTool.PL.LETNIA_ROCZNICA" />
        <option value="LanguageTool.PL.NAJBARDZIEJ_COMP" />
        <option value="LanguageTool.PL.WROCIC_Z_POWROTEM" />
        <option value="LanguageTool.PL.adaptacja_i_przystosowanie" />
        <option value="LanguageTool.PL.WYJECHAC_ZAGRANICE" />
        <option value="LanguageTool.PL.A_CO_Z_TYM_IDZIE" />
        <option value="LanguageTool.PL.PRZED_MNA" />
        <option value="LanguageTool.PL.PO_POROSTU" />
        <option value="LanguageTool.PL.POL_GODZINY" />
        <option value="LanguageTool.PL.NIE_ULEGA_WATPLIWOSC" />
        <option value="LanguageTool.PL.OWY_W" />
        <option value="LanguageTool.PL.GODZINA_KROPKA" />
        <option value="LanguageTool.PL.DO_TYCH_CZAS" />
        <option value="LanguageTool.PL.OK_BEZ_KROPKI" />
        <option value="LanguageTool.PL.JESLI_JEDNAKI" />
        <option value="LanguageTool.PL.TLUMACZENIE_PRZYSIEGLE" />
        <option value="LanguageTool.PL.DO_TERAZ" />
        <option value="LanguageTool.PL.PRZEDE_DNIU" />
        <option value="LanguageTool.PL.TAK_PRZECINEK_CZY_OWAK" />
        <option value="LanguageTool.PL.I_TAK" />
        <option value="LanguageTool.PL.TUM" />
        <option value="LanguageTool.PL.POLNA_DRUZKA_POLNA_DROZKA" />
        <option value="LanguageTool.PL.ROZLICZNIE" />
        <option value="LanguageTool.PL.SOL_WAZONA" />
        <option value="LanguageTool.PL.ZWIAZKU_Z_TYM" />
        <option value="LanguageTool.PL.DAM_RADE" />
        <option value="LanguageTool.PL.INNY_JAK" />
        <option value="LanguageTool.PL.TUZ_PRED" />
        <option value="LanguageTool.PL.WG" />
        <option value="LanguageTool.PL.WARTY" />
        <option value="LanguageTool.PL.DO_NIE_DAWNA" />
        <option value="LanguageTool.PL.W_KAZDYM_BADZ" />
        <option value="LanguageTool.PL.WIEKSZA_POLOWA" />
        <option value="LanguageTool.PL.DLA_CZEGO" />
        <option value="LanguageTool.PL.CO_SIE_STALY" />
        <option value="LanguageTool.PL.NIEZGODNOSC_LICZBY_PODMIOTU_I_ORZECZENIA" />
        <option value="LanguageTool.PL.NIE_OPODAL" />
        <option value="LanguageTool.PL.Polak" />
        <option value="LanguageTool.PL.ANGIELSKO_JEZYCZNY" />
        <option value="LanguageTool.PL.ZWROTNE_I_DWA_RAZY_SIE" />
        <option value="LanguageTool.PL.BRAK_PRZECINKA_CZY" />
        <option value="LanguageTool.PL.WW" />
        <option value="LanguageTool.PL.DO_DZIS_DZIEN" />
        <option value="LanguageTool.PL.DWA_PODMIOTY_FIN" />
        <option value="LanguageTool.PL.W_DNIU_1_STYCZNIA" />
        <option value="LanguageTool.PL.EPATOWAC_CIEPLEM" />
        <option value="LanguageTool.PL.PL_UNPAIRED_BRACKETS" />
        <option value="LanguageTool.PL.BEZ_REKAW" />
        <option value="LanguageTool.PL.CORAZ_NAJBARDZIEJ_CORAZ_BARDZIEJ" />
        <option value="LanguageTool.PL.LEPIEJ_NISZ_LEPIEJ_NIZ" />
        <option value="LanguageTool.PL.STOPIEN_WYZSZY_NIESTOPNIOWANEGO" />
        <option value="LanguageTool.PL.COFANIE_PRZECINKA" />
        <option value="LanguageTool.PL.CO_NIE_MIARA" />
        <option value="LanguageTool.PL.VS" />
        <option value="LanguageTool.PL.POTENCJALNA_MOZLIWOSC" />
        <option value="LanguageTool.PL.BRAK_PRZECINKA_SPOJNIK_PROSTY" />
        <option value="LanguageTool.PL.BYLE_GDZIE" />
        <option value="LanguageTool.PL.GRAC_FAIR_PLAY" />
        <option value="LanguageTool.PL.PO_PIERWSZE_PRIMO" />
        <option value="LanguageTool.PL.SKLAD_SUROWCOWY" />
        <option value="LanguageTool.PL.PASTWO" />
        <option value="LanguageTool.PL.WARZYWA_NA_PATELNIE" />
        <option value="LanguageTool.PL.PL_DWA_WYRAZY" />
        <option value="LanguageTool.PL.KTOS_CZYJ" />
        <option value="LanguageTool.PL.PRZED_POKOJ" />
        <option value="LanguageTool.PL.PO_SRODKU" />
        <option value="LanguageTool.PL.OGROMY_OGROMNY" />
        <option value="LanguageTool.PL.PERSONA_NON_GRATA" />
        <option value="LanguageTool.PL.WYJSC_Z_PROPOZYCJA" />
        <option value="LanguageTool.PL.PL_GUILLEMET" />
        <option value="LanguageTool.PL.NIE_KTORY" />
        <option value="LanguageTool.PL.CORAZ" />
        <option value="LanguageTool.PL.FOR_FOROW" />
        <option value="LanguageTool.PL.ZOSTAC_IMPERF" />
        <option value="LanguageTool.PL.MORALNO_ETYCZNY" />
        <option value="LanguageTool.PL.KUPKI_SMAKOWE" />
        <option value="LanguageTool.PL.MIEC_SLUSZNA_RACJE" />
        <option value="LanguageTool.PL.STATYSTKI_STATYSTYKI" />
        <option value="LanguageTool.PL.O_JEJ" />
        <option value="LanguageTool.PL.W_DRODZE_WYJATKU" />
        <option value="LanguageTool.PL.SZYBO" />
        <option value="LanguageTool.PL.CUDZYSLOW_OTWIERAJACY" />
        <option value="LanguageTool.PL.POWIEM_TAK" />
        <option value="LanguageTool.PL.TAM_TEDY" />
        <option value="LanguageTool.PL.FRANKFURT_NAD_MENEM" />
        <option value="LanguageTool.PL.PONAD_TO" />
        <option value="LanguageTool.PL.DWA_LUB_WIECEJ" />
        <option value="LanguageTool.PL.KAZDY_WTOREK" />
        <option value="LanguageTool.PL.JENA_JEDNA" />
        <option value="LanguageTool.PL.MULTISPOJNIKI" />
        <option value="LanguageTool.PL.PRZECINEK_A" />
        <option value="LanguageTool.PL.ROZCHODZI_SIE" />
        <option value="LanguageTool.PL.COMMA_PARENTHESIS_WHITESPACE" />
        <option value="LanguageTool.PL.TYS" />
        <option value="LanguageTool.PL.Z_RESZTA" />
        <option value="LanguageTool.PL.SPOD_LBA" />
        <option value="LanguageTool.PL.NIEZGODNOSC_PRZYPADKU_PO_LICZEBNIKU" />
        <option value="LanguageTool.PL.PYTANIE_CO" />
        <option value="LanguageTool.PL.NIEWLASCIWA_KONCOWKA_PRZYPADKU_ORZECZNIKA" />
        <option value="LanguageTool.PL.NAJBARDZIEJ_SUP" />
        <option value="LanguageTool.PL.BEZSENSU" />
        <option value="LanguageTool.PL.CZYTA_CZYSTA" />
        <option value="LanguageTool.PL.W_SLAD_ZA" />
        <option value="LanguageTool.PL.W_PRZEPADKU_W_PRZYPADKU" />
        <option value="LanguageTool.PL.ROZWIZANIE_PROBLEMY_PROBLEMU" />
        <option value="LanguageTool.PL.KLIKNAC_W_NA" />
        <option value="LanguageTool.PL.NAJBARDZIEJ_ADV_COMP" />
        <option value="LanguageTool.PL.WZROST_GOSPODARZY_WZROST_GOSPODARCZY" />
        <option value="LanguageTool.PL.W_KONTRASCIE_DO" />
        <option value="LanguageTool.PL.BRAK_PRZECINKA_JAK" />
        <option value="LanguageTool.PL.DWU_I_POL_PRZYMIOTNIK" />
        <option value="LanguageTool.PL.MLODU" />
        <option value="LanguageTool.PL.CHCAC_NIE_CHCAC" />
        <option value="LanguageTool.PL.W_POROWNANIA_DO" />
        <option value="LanguageTool.PL.PRZERWA_KAWOWA" />
        <option value="LanguageTool.PL.ROK_TEMU_WSTECZ" />
        <option value="LanguageTool.PL.PRAWDOPODOBNYM_JEST" />
        <option value="LanguageTool.PL.DOBROWOLNY_OCHOTNIK" />
        <option value="LanguageTool.PL.WIEKU_Z_NICH" />
        <option value="LanguageTool.PL.DOMYSLA_DOMYSLNA" />
        <option value="LanguageTool.PL.DOPIERO_W_LATA_W_LATACH" />
        <option value="LanguageTool.PL.TRYMIGA_BURK" />
        <option value="LanguageTool.PL.WYZ_DEMOGRAFICZNY" />
        <option value="LanguageTool.PL.JEZUITA" />
        <option value="LanguageTool.PL.DEPRAWACJA_MORALNA" />
        <option value="LanguageTool.PL.WIADACY" />
        <option value="LanguageTool.PL.BRAK_ODSTPU_PO_KROPCE_PRZED_CUDZYSOWEM" />
        <option value="LanguageTool.PL.PAR_EXCELLENCE" />
        <option value="LanguageTool.PL.TY_SAMYM" />
        <option value="LanguageTool.PL.NA_PRZESTRZENI" />
        <option value="LanguageTool.PL.PRZE" />
        <option value="LanguageTool.PL.DAL_DA" />
        <option value="LanguageTool.PL.WIERZE_WIERZE" />
        <option value="LanguageTool.PL.MNOZENIE" />
        <option value="LanguageTool.PL.SKROTOWCE_Z_APOSTROFEM" />
        <option value="LanguageTool.PL.ZMOWIENIE" />
        <option value="LanguageTool.PL.PRZEZ_MNIE" />
        <option value="LanguageTool.PL.WZAJEMNA_WYMIANA" />
        <option value="LanguageTool.PL.BALI_BALOW" />
        <option value="LanguageTool.PL.STOPIEN_NAJWYZSZY_NIESTOPNIOWANEGO_ADV" />
        <option value="LanguageTool.PL.O_BAJ_OBAJ" />
        <option value="LanguageTool.PL.PO_LEWO" />
        <option value="LanguageTool.PL.X-LATEK" />
        <option value="LanguageTool.PL.PRZECINEK_ANI" />
        <option value="LanguageTool.PL.NA_PRAWDE" />
        <option value="LanguageTool.PL.RZADNY_CZEGO" />
        <option value="LanguageTool.PL.EUROPA" />
        <option value="LanguageTool.PL.PRZYCZYNA_DO" />
        <option value="LanguageTool.PL.POLNOCNO_AMERYKANSKI" />
        <option value="LanguageTool.PL.WGLAB_W_GLAB" />
        <option value="LanguageTool.PL.MSST_WARSZAWA_MST_WARSZAWA" />
        <option value="LanguageTool.PL.IMPERF_perf" />
        <option value="LanguageTool.PL.BOGIEM_A_PRAWDA" />
        <option value="LanguageTool.PL.NA_DZIEN_DZISIEJSZY" />
        <option value="LanguageTool.PL.KONIAMI" />
        <option value="LanguageTool.PL.GDZIENIEGDZIE" />
        <option value="LanguageTool.PL.DWADZIESCIA_DWAJ" />
        <option value="LanguageTool.PL.A_LA_CARTE" />
        <option value="LanguageTool.PL.OKRAGLY_ROK" />
        <option value="LanguageTool.PL.PO_POD" />
        <option value="LanguageTool.PL.DRZEM" />
        <option value="LanguageTool.PL.DOPATRZEC_SIE" />
        <option value="LanguageTool.PL.POLWIEKU" />
        <option value="LanguageTool.PL.STOPIEN_NAJWYZSZY_ADV" />
        <option value="LanguageTool.PL.NIEMNIEJ_NIZ" />
        <option value="LanguageTool.PL.NAD_ZWYCZAJ" />
        <option value="LanguageTool.PL.PL_SIMPLE_REPLACE" />
        <option value="LanguageTool.PL.KTOS_KTOREGO" />
        <option value="LanguageTool.PL.W_NIEBO_GLOSY" />
        <option value="LanguageTool.PL.OTO_CHODZI" />
        <option value="LanguageTool.PL.STALA_SIE" />
        <option value="LanguageTool.PL.BIALY_STOK" />
        <option value="LanguageTool.PL.POD_KATEM" />
        <option value="LanguageTool.PL.KILA_GEN" />
        <option value="LanguageTool.PL.STRUJ" />
        <option value="LanguageTool.PL.WE_W" />
        <option value="LanguageTool.PL.WYRAZIC_POPARCIE" />
        <option value="LanguageTool.PL.FAKT_AUTENTYCZNY" />
        <option value="LanguageTool.PL.ZONA_ZONA" />
        <option value="LanguageTool.PL.TLOMACZ" />
        <option value="LanguageTool.PL.DLA_TEGO_ZE" />
        <option value="LanguageTool.PL.TYM_BARDZIE" />
        <option value="LanguageTool.PL.BEZE_CZEGO" />
        <option value="LanguageTool.PL.ANIE_A_NIE" />
        <option value="LanguageTool.PL.W_LINIE" />
        <option value="LanguageTool.PL.PROPOS" />
        <option value="LanguageTool.PL.BADZ_CO_BADZ" />
        <option value="LanguageTool.PL.ZA_WYJATKIEM" />
        <option value="LanguageTool.PL.SANATOR_SENATOR" />
        <option value="LanguageTool.PL.ZA_MAZ" />
        <option value="LanguageTool.PL.JASNO_NIEBIESKI" />
        <option value="LanguageTool.PL.DISAGREEMENT_VERB_PPRON" />
        <option value="LanguageTool.PL.PRZECINEK_OTOZ" />
        <option value="LanguageTool.PL.DATA_NIEMOZLIWA" />
        <option value="LanguageTool.PL.PRZECINEK_TAK_JAK" />
        <option value="LanguageTool.PL.MORZE_BALTYCKIE" />
        <option value="LanguageTool.PL.BAJONSKIE_CENY" />
        <option value="LanguageTool.PL.ROZNY" />
        <option value="LanguageTool.PL.BARDZIEJ_LICZEBNY_LICZNIEJSZY" />
        <option value="LanguageTool.PL.PRZEDROSTKI" />
        <option value="LanguageTool.PL.POMINIECIE" />
        <option value="LanguageTool.PL.DWUTYSIECZNY_PIERWSZY" />
        <option value="LanguageTool.PL.CALE_ZYCIE" />
        <option value="LanguageTool.PL.ZE_Z_SPOL" />
        <option value="LanguageTool.PL.REGULOWAC_RUCHEM" />
        <option value="LanguageTool.PL.ZA_KAZDA_CENE" />
        <option value="LanguageTool.PL.ZA_DOSC" />
        <option value="LanguageTool.PL.ODGRYWAC_ZNACZENIE" />
        <option value="LanguageTool.PL.PODLUG_PODLOG" />
        <option value="LanguageTool.PL.N" />
        <option value="LanguageTool.PL.MIEDZY_MIEDZY" />
        <option value="LanguageTool.PL.W_POSRODKU" />
        <option value="LanguageTool.PL.DZIEN_WCZORAJSZY" />
        <option value="LanguageTool.PL.JEDNE_DZIECKO" />
        <option value="LanguageTool.PL.ZA_NADTO" />
        <option value="LanguageTool.PL.K" />
        <option value="LanguageTool.PL.czesc_czesc" />
        <option value="LanguageTool.PL.KONDYCJA_FINANSOWA" />
        <option value="LanguageTool.PL.DATA_DYWIZ_RZYMSKIE" />
        <option value="LanguageTool.PL.SIE_NA_POCZATKU_ZDANIA" />
        <option value="LanguageTool.PL.BLEDNE_CUDZYSOWY_TYPOGRAFICZNE" />
        <option value="LanguageTool.PL.REPREZENTANT_POLSKI" />
        <option value="LanguageTool.PL.MIMO_ROZNIC" />
        <option value="LanguageTool.PL.DOUBLE_PUNCTUATION" />
        <option value="LanguageTool.PL.ZA_MIAST" />
        <option value="LanguageTool.PL.POSTANIE" />
        <option value="LanguageTool.PL.SPROBOWAC" />
        <option value="LanguageTool.PL.PRZECINEK_CO_DO" />
        <option value="LanguageTool.PL.TAM_TEN" />
        <option value="LanguageTool.PL.ZA_SWIADKA" />
        <option value="LanguageTool.PL.W_POWAZNEJ_MIERZE" />
        <option value="LanguageTool.PL.NIE_JAKIKOLWIEK" />
        <option value="LanguageTool.PL.RZEC_RZECZ" />
        <option value="LanguageTool.PL.BROZKA_BROSZKA" />
        <option value="LanguageTool.PL.SERCE_WALI_JAK_MLOT" />
        <option value="LanguageTool.PL.BUL_GLOWY" />
        <option value="LanguageTool.PL.JEDNAK_PRZECINEK" />
        <option value="LanguageTool.PL.PREP_DS" />
        <option value="LanguageTool.PL.ZAPIS_DATY_ZE_SKROTEM_BLEDNYM" />
        <option value="LanguageTool.PL.KOSCIAMI" />
        <option value="LanguageTool.PL.NA_RAZ" />
        <option value="LanguageTool.PL.MONOTONNIE_MONOTONIĘ" />
        <option value="LanguageTool.PL.DO_NIEMCZECH" />
        <option value="LanguageTool.PL.A_NUZ" />
        <option value="LanguageTool.PL.WSZECH_OBECNY" />
        <option value="LanguageTool.PL.JEDNAJ" />
        <option value="LanguageTool.PL.W_TAK_SPOSOB" />
        <option value="LanguageTool.PL.CZASOWNIK_SI" />
        <option value="LanguageTool.PL.BIELSKO_BIALA" />
        <option value="LanguageTool.PL.POKI_CO" />
        <option value="LanguageTool.PL.PRYZ_PRZY" />
        <option value="LanguageTool.PL.W_TYM_WZGLEDZIE" />
        <option value="LanguageTool.PL.TRZECI_SWIAT" />
        <option value="LanguageTool.PL.TAK_ALBO_OWAK" />
        <option value="LanguageTool.PL.NA_UMYŚLNIE" />
        <option value="LanguageTool.PL.DOKONAC_BLEDU" />
        <option value="LanguageTool.PL.DO_ZAJAC" />
        <option value="LanguageTool.PL.ITP_ITD" />
        <option value="LanguageTool.PL.PRZY_UDZIALE" />
        <option value="LanguageTool.PL.UMIE_ROZUMIE" />
        <option value="LanguageTool.PL.LETNIE_URODZINY" />
        <option value="LanguageTool.PL.TO_ZE_TO_E" />
        <option value="LanguageTool.PL.KRETES" />
        <option value="LanguageTool.PL.W_WE" />
        <option value="LanguageTool.PL.NOC_WSPOLNEGO" />
        <option value="LanguageTool.PL.CO_WIECEJ" />
        <option value="LanguageTool.PL.LAMA_LAMPA" />
        <option value="LanguageTool.PL.NADAL" />
        <option value="LanguageTool.PL.ZA_ROWNO" />
        <option value="LanguageTool.PL.PODDAWAC_W_WATPLIWOSC" />
        <option value="LanguageTool.PL.WIKSZO_BYO_WIKSZO_BYA" />
        <option value="LanguageTool.PL.NAJ_LEPSZY" />
        <option value="LanguageTool.PL.Z_WIELKIEJ_LITERY" />
        <option value="LanguageTool.PL.STOPIEN_NAJWYZSZY_NIESTOPNIOWANEGO" />
        <option value="LanguageTool.PL.BYL_OBY_BYLOBY" />
        <option value="LanguageTool.PL.NAWAZYC_PIWA" />
        <option value="LanguageTool.PL.IMIESLOW_POMYLONY_PODMIOT" />
        <option value="LanguageTool.PL.SREDNIK_PYTAJNIK" />
        <option value="LanguageTool.PL.NA_WSKUTEK" />
        <option value="LanguageTool.PL.W_PELNYM_TEGO" />
        <option value="LanguageTool.PL.LEZA" />
        <option value="LanguageTool.PL.POKOJ" />
        <option value="LanguageTool.PL.GWALTOWANIE" />
        <option value="LanguageTool.PL.INSTRUKCJA_NA" />
        <option value="LanguageTool.PL.NA_PRZEKOR" />
        <option value="LanguageTool.PL.A_WIEC" />
        <option value="LanguageTool.PL.STOPIEN_NAJWYZSZY" />
        <option value="LanguageTool.PL.Z_TYMZE" />
        <option value="LanguageTool.PL.AKTYW" />
        <option value="LanguageTool.PL.SKLONY_SKLONNY" />
        <option value="LanguageTool.PL.DZIEN_JUTRZEJSZY" />
        <option value="LanguageTool.PL.NA_PAPIEZE" />
        <option value="LanguageTool.PL.HONG_KONG" />
        <option value="LanguageTool.PL.IM_TYM" />
        <option value="LanguageTool.PL.JAZDA_KONA" />
        <option value="LanguageTool.PL.PO_NIEWCZASIE" />
        <option value="LanguageTool.PL.ZEBY_PRI_SEC" />
        <option value="LanguageTool.PL.POZAWALA" />
        <option value="LanguageTool.PL.JAK_ULAL" />
        <option value="LanguageTool.PL.TAN_NAPRAWDE" />
        <option value="LanguageTool.PL.NIM_IMPERF" />
        <option value="LanguageTool.PL.MYSLNIK_ZAMIAST_DYWIZU_WYLICZENIE" />
        <option value="LanguageTool.PL.DAJE_VU" />
        <option value="LanguageTool.PL.NIEMIA_NIE_MIA" />
        <option value="LanguageTool.PL.FONETYCZNY_OM_A" />
        <option value="LanguageTool.PL.W_POWOLANIU_SIE_NA" />
        <option value="LanguageTool.PL.BRAK_PRZECINKA_TYLKO" />
        <option value="LanguageTool.PL.OT_JEST" />
        <option value="LanguageTool.PL.WYWIEZC_Z_POBUDEK" />
        <option value="LanguageTool.PL.POTRAFIACY" />
        <option value="LanguageTool.PL.ZA_W_CZASU" />
        <option value="LanguageTool.PL.NIEWLASCIWA_FORMA_PODMIOTU" />
        <option value="LanguageTool.PL.BIZNESPLAN" />
        <option value="LanguageTool.PL.NIE_WOLNO" />
        <option value="LanguageTool.PL.POD_ZAMKNIECIEM" />
        <option value="LanguageTool.PL.W_OKOL" />
        <option value="LanguageTool.PL.BEDZIE_POTRAFIC" />
        <option value="LanguageTool.PL.niebyt_niezbyt" />
        <option value="LanguageTool.PL.UKARANIE_UKRAINIE" />
        <option value="LanguageTool.PL.JETEM" />
        <option value="LanguageTool.PL.W_BREW" />
        <option value="LanguageTool.PL.austriacki" />
        <option value="LanguageTool.PL.Z_POWODY" />
        <option value="LanguageTool.PL.ZBEDNA_SPACJA_PRZED" />
        <option value="LanguageTool.PL.LICZBA_BEZ_DYWIZU_ZAKRES" />
        <option value="LanguageTool.PL.BRAK_PRZECINKA_ZAMIAST" />
        <option value="LanguageTool.PL.ZBEDNA_SPACJA" />
        <option value="LanguageTool.PL.DZIALALO_SIE_TO" />
        <option value="LanguageTool.PL.RP_PRZYM" />
        <option value="LanguageTool.PL.ZAINTERESOWANIE_DLA" />
        <option value="LanguageTool.PL.NIE_MOZNA" />
        <option value="LanguageTool.PL.strona_internatowa" />
        <option value="LanguageTool.PL.JAK_I" />
        <option value="LanguageTool.PL.EKSKLUZYWNY_WYWIAD" />
        <option value="LanguageTool.PL.PONOSIC_NAKLADY" />
        <option value="LanguageTool.PL.DOKLADNIE" />
        <option value="LanguageTool.PL.BALSAM_DLA_WLOSOW" />
        <option value="LanguageTool.PL.POKARZ" />
        <option value="LanguageTool.PL.LOGARYTM_ALGORYTM" />
        <option value="LanguageTool.PL.nie_mniej_jednak" />
        <option value="LanguageTool.PL.ZNAK_INTERPUNKCYJNY_NA_POCZATKU_ZDANIA" />
        <option value="LanguageTool.PL.SPACJA_ZNAK_ROWNOSCI" />
        <option value="LanguageTool.PL.ZNAJDUJE" />
        <option value="LanguageTool.PL.POLKNAC_BAKCYL" />
        <option value="LanguageTool.PL.POTRZE_PIOTRZE_POTRZEB_PORZE" />
        <option value="LanguageTool.PL.HYPO" />
        <option value="LanguageTool.PL.DO_NA" />
        <option value="LanguageTool.PL.WIEDZIEC_CO" />
        <option value="LanguageTool.PL.OD_X_Y_OD_X_DO_Y" />
        <option value="LanguageTool.PL.STUP_STOP" />
        <option value="LanguageTool.PL.NIEZGODNA_FORMA_ORZECZNIKA_POT_PRAET" />
        <option value="LanguageTool.PL.TA_POPRAWKA_TA" />
        <option value="LanguageTool.PL.TAK_DLUGO_DOPOKI" />
        <option value="LanguageTool.PL.ROB_TA_CO_CHCE_TA" />
        <option value="LanguageTool.PL.SKLADNIA_LICZEBNIKA" />
        <option value="LanguageTool.PL.NA_POZIOME" />
        <option value="LanguageTool.PL.OD_TAK" />
        <option value="LanguageTool.PL.SPADAC_W_DOL" />
        <option value="LanguageTool.PL.STAJE_PALIW" />
        <option value="LanguageTool.PL.STOPIEN_WYZSZY_NIESTOPNIOWANEGO_ADV" />
        <option value="LanguageTool.PL.JAKIS_DZIEWCZYN" />
        <option value="LanguageTool.PL.BRAK_PRZECINKA_NIC_DODAC_NIC_UJAC" />
        <option value="LanguageTool.PL.SYMBOL_ZNAKU_TOWAROWEGO_ZASTRZEONEGO" />
        <option value="LanguageTool.PL.MOWI_SAMO_PRZEZ_SIE" />
        <option value="LanguageTool.PL.BRAK_ZNAKU_ZAPYTANIA" />
        <option value="LanguageTool.PL.WLADCE" />
        <option value="LanguageTool.PL.INFORMACJE_SENSYTYWNE" />
        <option value="LanguageTool.PL.OPATRZEC_SIE" />
        <option value="LanguageTool.PL.NIENAWIDZIC" />
        <option value="LanguageTool.PL.BOJE_BOJĘ" />
        <option value="LanguageTool.PL.OD_STOP_DO_GLOWY" />
        <option value="LanguageTool.PL.BRAK_PRZECINKA_JESLI" />
        <option value="LanguageTool.PL.PO_PRAWO" />
        <option value="LanguageTool.PL.NIEZGODNO_PRZYPADKW_PRZYMIOTNIKA_I_RZECZOWNIKA_RODZAJU_ESKIEGO" />
        <option value="LanguageTool.PL.CZESC_CZESC" />
        <option value="LanguageTool.PL.DO_PRZYGOTOWAC" />
        <option value="LanguageTool.PL.zarowno_jak_rowniez" />
        <option value="LanguageTool.PL.WADA_WZORKU" />
        <option value="LanguageTool.PL.OSIAGNAC_POSTEP" />
        <option value="LanguageTool.PL.RABY_ROMBY" />
        <option value="LanguageTool.PL.LEPSZE_ZLO" />
        <option value="LanguageTool.PL.W_PRAWDZIE" />
        <option value="LanguageTool.PL.NIE_TRUDNO_NIETRUDNO" />
        <option value="LanguageTool.PL.W_OD" />
        <option value="LanguageTool.PL.FORMULA_KREMU" />
        <option value="LanguageTool.PL.KROPKA_PRZED_PRZECINKIEM" />
        <option value="LanguageTool.PL.PRZEZ_CALYCH_X_LAT" />
        <option value="LanguageTool.PL.BROD_BROD" />
        <option value="LanguageTool.PL.GENERALNIE" />
        <option value="LanguageTool.PL.CHART_DUCHA" />
        <option value="LanguageTool.PL.PO_CHODACH" />
        <option value="LanguageTool.PL.LUN_LUB" />
        <option value="LanguageTool.PL.ZE_WZGLEDU" />
        <option value="LanguageTool.PL.W_TEMACIE" />
        <option value="LanguageTool.PL.W_WEGRZECH" />
        <option value="LanguageTool.PL.WIOREK_WIORKOW" />
        <option value="LanguageTool.PL.TUTA_J" />
        <option value="LanguageTool.PL.ZA_GRANICA" />
        <option value="LanguageTool.PL.WORD_REPEAT_RULE" />
        <option value="LanguageTool.PL.STO_GRAM" />
        <option value="LanguageTool.PL.AL_UJAZDOWSKIE" />
        <option value="LanguageTool.PL.w_ladza" />
      </set>
    </option>
  </component>
</application>